Invoice Number,Invoice Date,Total Amount,Provider,Location
INV-000001,2025-03-03,1889.47,Eye Care BigTown,Smallville
INV-000002,2025-04-29,4713.94,Eye Care BigTown,Smallville
INV-000003,2025-01-22,2216.57,EyeCare Smallville,Smallville
INV-000004,2025-04-24,2268.52,EyeCare Smallville,BigTown
INV-000005,2025-06-16,3671.41,Eye Care BigTown,BigTown
INV-000006,2025-07-29,2285.08,Eye Care BigTown,Smallville
INV-000007,2025-08-31,2133.6,EyeCare Smallville,Smallville
INV-000008,2025-03-15,1851.95,Eye Care BigTown,BigTown
INV-000009,2025-03-20,3164.93,EyeCare Smallville,BigTown
INV-000010,2025-02-20,1132.47,Eye Care BigTown,BigTown
INV-000011,2025-02-08,3093.56,EyeCare Smallville,Smallville
INV-000012,2025-08-13,4265.56,EyeCare Smallville,Smallville
INV-000013,2025-03-19,662.1,Eye Care BigTown,Smallville
INV-000014,2025-06-15,734.19,EyeCare Smallville,Smallville
INV-000015,2025-05-14,3305.69,Eye Care BigTown,Smallville
INV-000016,2025-06-27,3985.64,EyeCare Smallville,BigTown
INV-000017,2025-07-09,1123.03,Eye Care BigTown,BigTown
INV-000018,2025-04-16,2591.74,Eye Care BigTown,BigTown
INV-000019,2025-04-11,4181.97,EyeCare Smallville,BigTown
INV-000020,2025-01-11,3929.75,Eye Care BigTown,Smallville
INV-000021,2025-05-29,3061.69,Eye Care BigTown,BigTown
INV-000022,2025-07-28,4242.94,EyeCare Smallville,BigTown
INV-000023,2025-08-28,1742.7,EyeCare Smallville,BigTown
INV-000024,2025-08-07,3265.41,Eye Care BigTown,BigTown
INV-000025,2025-03-21,2717.83,EyeCare Smallville,BigTown
INV-000026,2025-03-13,2587.97,EyeCare Smallville,BigTown
INV-000027,2025-07-26,590.21,Eye Care BigTown,BigTown
INV-000028,2025-07-01,1204.5,EyeCare Smallville,Smallville
INV-000029,2025-08-01,3262.6,EyeCare Smallville,Smallville
INV-000030,2025-05-26,3061.87,EyeCare Smallville,BigTown
INV-000031,2025-03-03,1183.59,EyeCare Smallville,Smallville
INV-000032,2025-05-13,2719.79,EyeCare Smallville,Smallville
INV-000033,2025-01-15,1269.53,Eye Care BigTown,Smallville
INV-000034,2025-02-13,4696.76,Eye Care BigTown,BigTown
INV-000035,2025-06-15,1706.64,Eye Care BigTown,BigTown
INV-000036,2025-01-01,3106.42,Eye Care BigTown,Smallville
INV-000037,2025-01-11,3286.94,EyeCare Smallville,Smallville
INV-000038,2025-05-24,4876.04,EyeCare Smallville,Smallville
INV-000039,2025-06-20,2600.94,Eye Care BigTown,BigTown
INV-000040,2025-08-05,4813.48,Eye Care BigTown,Smallville
INV-000041,2025-01-23,4473.59,EyeCare Smallville,BigTown
INV-000042,2025-04-18,875.82,EyeCare Smallville,Smallville
INV-000043,2025-02-09,4491.76,Eye Care BigTown,BigTown
INV-000044,2025-02-12,4998.82,Eye Care BigTown,Smallville
INV-000045,2025-07-11,4164.64,EyeCare Smallville,BigTown
INV-000046,2025-04-01,2428.78,Eye Care BigTown,Smallville
INV-000047,2025-03-30,4659.55,Eye Care BigTown,Smallville
INV-000048,2025-08-12,1478.56,Eye Care BigTown,BigTown
INV-000049,2025-08-14,500.17,EyeCare Smallville,BigTown
INV-000050,2025-07-07,1316.43,EyeCare Smallville,Smallville
INV-000051,2025-08-14,3236.4,EyeCare Smallville,BigTown
INV-000052,2025-08-04,1236.66,EyeCare Smallville,Smallville
INV-000053,2025-02-03,1390.33,EyeCare Smallville,Smallville
INV-000054,2025-06-19,3825.54,Eye Care BigTown,Smallville
INV-000055,2025-08-09,3569.33,EyeCare Smallville,Smallville
INV-000056,2025-08-18,2643.93,Eye Care BigTown,BigTown
INV-000057,2025-08-08,1227.75,Eye Care BigTown,Smallville
INV-000058,2025-03-31,4191.21,EyeCare Smallville,Smallville
INV-000059,2025-02-18,3623.72,EyeCare Smallville,BigTown
INV-000060,2025-05-07,3830.45,Eye Care BigTown,BigTown
INV-000061,2025-08-08,527.4,Eye Care BigTown,Smallville
INV-000062,2025-05-13,2049.27,EyeCare Smallville,Smallville
INV-000063,2025-08-17,4839.49,Eye Care BigTown,Smallville
INV-000064,2025-09-01,2507.05,EyeCare Smallville,Smallville
INV-000065,2025-03-13,2497.19,Eye Care BigTown,BigTown
INV-000066,2025-04-01,2404.28,EyeCare Smallville,BigTown
INV-000067,2025-07-09,2504.22,EyeCare Smallville,Smallville
INV-000068,2025-04-20,2030.07,EyeCare Smallville,BigTown
INV-000069,2025-05-10,2088.61,Eye Care BigTown,Smallville
INV-000070,2025-02-12,2130.37,EyeCare Smallville,Smallville
INV-000071,2025-04-30,2360.08,Eye Care BigTown,Smallville
INV-000072,2025-02-01,3378.46,EyeCare Smallville,BigTown
INV-000073,2025-06-21,1855.01,Eye Care BigTown,BigTown
INV-000074,2025-07-13,2073.44,Eye Care BigTown,Smallville
INV-000075,2025-04-03,1795.38,EyeCare Smallville,Smallville
INV-000076,2025-08-11,3415.36,EyeCare Smallville,BigTown
INV-000077,2025-02-13,3652.95,Eye Care BigTown,Smallville
INV-000078,2025-01-23,1594.63,Eye Care BigTown,BigTown
INV-000079,2025-05-20,1832.33,Eye Care BigTown,Smallville
INV-000080,2025-04-23,3127.95,EyeCare Smallville,BigTown
INV-000081,2025-06-24,1532.66,EyeCare Smallville,BigTown
INV-000082,2025-05-18,3392.75,Eye Care BigTown,Smallville
INV-000083,2025-05-25,3160.95,Eye Care BigTown,Smallville
INV-000084,2025-07-01,4177.38,Eye Care BigTown,BigTown
INV-000085,2025-05-25,4160.87,Eye Care BigTown,Smallville
INV-000086,2025-07-01,3380.2,Eye Care BigTown,Smallville
INV-000087,2025-08-13,4944.18,Eye Care BigTown,BigTown
INV-000088,2025-02-02,2678.27,EyeCare Smallville,Smallville
INV-000089,2025-01-03,2273.63,Eye Care BigTown,BigTown
INV-000090,2025-03-19,3646.39,EyeCare Smallville,BigTown
INV-000091,2025-06-22,1325.22,EyeCare Smallville,Smallville
INV-000092,2025-05-17,4784.3,EyeCare Smallville,Smallville
INV-000093,2025-01-24,1646.94,EyeCare Smallville,BigTown
INV-000094,2025-02-01,4075.68,EyeCare Smallville,Smallville
INV-000095,2025-01-22,4846.63,Eye Care BigTown,BigTown
INV-000096,2025-07-05,4834.48,Eye Care BigTown,BigTown
INV-000097,2025-05-06,2169.2,EyeCare Smallville,Smallville
INV-000098,2025-04-15,1804.63,EyeCare Smallville,Smallville
INV-000099,2025-01-09,1447.31,Eye Care BigTown,BigTown
INV-000100,2025-04-24,4485.27,Eye Care BigTown,BigTown
INV-000101,2025-06-24,2995.72,EyeCare Smallville,BigTown
INV-000102,2025-04-12,1743.2,Eye Care BigTown,BigTown
INV-000103,2025-08-01,645.88,EyeCare Smallville,BigTown
INV-000104,2025-04-10,3918.28,EyeCare Smallville,BigTown
INV-000105,2025-05-04,3705.02,EyeCare Smallville,BigTown
INV-000106,2025-08-20,746.97,EyeCare Smallville,Smallville
INV-000107,2025-05-23,3018.86,EyeCare Smallville,Smallville
INV-000108,2025-02-22,3173.56,Eye Care BigTown,Smallville
INV-000109,2025-02-14,3289.32,EyeCare Smallville,BigTown
INV-000110,2025-03-16,4793.25,Eye Care BigTown,BigTown
INV-000111,2025-04-30,3819.96,Eye Care BigTown,Smallville
INV-000112,2025-03-05,1033.41,EyeCare Smallville,BigTown
INV-000113,2025-03-14,2713.72,EyeCare Smallville,BigTown
INV-000114,2025-05-27,4310.5,Eye Care BigTown,Smallville
INV-000115,2025-08-29,3844.81,Eye Care BigTown,BigTown
INV-000116,2025-07-14,3762.32,EyeCare Smallville,Smallville
INV-000117,2025-08-16,4774.67,Eye Care BigTown,Smallville
INV-000118,2025-02-23,2439.16,Eye Care BigTown,Smallville
INV-000119,2025-08-16,3839.63,Eye Care BigTown,Smallville
INV-000120,2025-07-14,1678.16,Eye Care BigTown,Smallville
INV-000121,2025-03-29,2095.02,EyeCare Smallville,Smallville
INV-000122,2025-01-30,1520.9,EyeCare Smallville,BigTown
INV-000123,2025-08-26,4845.44,Eye Care BigTown,BigTown
INV-000124,2025-08-06,1156.94,Eye Care BigTown,BigTown
INV-000125,2025-03-01,2032.62,Eye Care BigTown,Smallville
INV-000126,2025-04-01,714.43,EyeCare Smallville,BigTown
INV-000127,2025-08-18,3577.41,EyeCare Smallville,BigTown
INV-000128,2025-03-24,3121.43,EyeCare Smallville,BigTown
INV-000129,2025-04-13,3589.09,Eye Care BigTown,BigTown
INV-000130,2025-07-12,1197.58,Eye Care BigTown,Smallville
INV-000131,2025-04-26,999.41,Eye Care BigTown,Smallville
INV-000132,2025-02-04,1997.47,Eye Care BigTown,Smallville
INV-000133,2025-08-19,2986.44,Eye Care BigTown,Smallville
INV-000134,2025-08-22,4282.83,Eye Care BigTown,BigTown
INV-000135,2025-07-14,1187.66,EyeCare Smallville,BigTown
INV-000136,2025-03-01,2474.7,EyeCare Smallville,Smallville
INV-000137,2025-05-26,2066.02,EyeCare Smallville,Smallville
INV-000138,2025-06-11,1543.31,EyeCare Smallville,Smallville
INV-000139,2025-07-24,930.54,Eye Care BigTown,Smallville
INV-000140,2025-01-28,1778.02,Eye Care BigTown,Smallville
INV-000141,2025-03-14,1464.97,EyeCare Smallville,BigTown
INV-000142,2025-01-07,3128.72,EyeCare Smallville,Smallville
INV-000143,2025-02-08,2619.53,EyeCare Smallville,Smallville
INV-000144,2025-08-04,3939.71,Eye Care BigTown,Smallville
INV-000145,2025-03-24,1574.49,Eye Care BigTown,BigTown
INV-000146,2025-01-06,688.83,EyeCare Smallville,Smallville
INV-000147,2025-06-11,2949.09,Eye Care BigTown,BigTown
INV-000148,2025-07-16,3169.03,EyeCare Smallville,Smallville
INV-000149,2025-05-19,1060.23,EyeCare Smallville,Smallville
INV-000150,2025-02-06,4418.45,EyeCare Smallville,Smallville
INV-000151,2025-01-13,646.06,EyeCare Smallville,Smallville
INV-000152,2025-04-20,916.1,EyeCare Smallville,BigTown
INV-000153,2025-06-03,2212.37,Eye Care BigTown,BigTown
INV-000154,2025-09-02,1146.14,EyeCare Smallville,BigTown
INV-000155,2025-05-09,3202.51,Eye Care BigTown,BigTown
INV-000156,2025-02-17,3522.37,EyeCare Smallville,Smallville
INV-000157,2025-02-27,3292.91,Eye Care BigTown,BigTown
INV-000158,2025-03-24,2970.88,Eye Care BigTown,BigTown
INV-000159,2025-07-29,1359.75,EyeCare Smallville,BigTown
INV-000160,2025-05-09,3124.97,Eye Care BigTown,BigTown
INV-000161,2025-05-25,4991.41,EyeCare Smallville,Smallville
INV-000162,2025-05-31,1674.78,Eye Care BigTown,BigTown
INV-000163,2025-05-29,682.71,Eye Care BigTown,Smallville
INV-000164,2025-07-02,2755.34,EyeCare Smallville,Smallville
INV-000165,2025-08-25,1799.3,Eye Care BigTown,Smallville
INV-000166,2025-07-15,1717.35,Eye Care BigTown,BigTown
INV-000167,2025-03-11,2312.79,Eye Care BigTown,Smallville
INV-000168,2025-03-29,3047.51,EyeCare Smallville,BigTown
INV-000169,2025-08-29,825.1,Eye Care BigTown,Smallville
INV-000170,2025-04-21,3867.69,Eye Care BigTown,BigTown
INV-000171,2025-04-02,3614.73,EyeCare Smallville,Smallville
INV-000172,2025-08-28,1147.25,Eye Care BigTown,Smallville
INV-000173,2025-03-10,3895.28,Eye Care BigTown,BigTown
INV-000174,2025-04-30,4209.69,Eye Care BigTown,Smallville
INV-000175,2025-01-03,4507.11,Eye Care BigTown,Smallville
INV-000176,2025-08-27,692.22,EyeCare Smallville,Smallville
INV-000177,2025-01-30,2880.24,Eye Care BigTown,Smallville
INV-000178,2025-03-17,3613.7,Eye Care BigTown,Smallville
INV-000179,2025-08-09,4660.44,Eye Care BigTown,BigTown
INV-000180,2025-07-14,1999.57,Eye Care BigTown,BigTown
INV-000181,2025-01-15,4030.54,Eye Care BigTown,Smallville
INV-000182,2025-01-22,4128.02,Eye Care BigTown,BigTown
INV-000183,2025-01-02,4744.19,Eye Care BigTown,Smallville
INV-000184,2025-02-21,1698.37,EyeCare Smallville,Smallville
INV-000185,2025-05-05,2647.94,EyeCare Smallville,BigTown
INV-000186,2025-08-02,2513.53,EyeCare Smallville,Smallville
INV-000187,2025-03-25,3650.41,EyeCare Smallville,Smallville
INV-000188,2025-02-23,627.42,Eye Care BigTown,Smallville
INV-000189,2025-05-22,552.19,EyeCare Smallville,BigTown
INV-000190,2025-06-09,2249.8,Eye Care BigTown,BigTown
INV-000191,2025-06-28,4512.81,EyeCare Smallville,BigTown
INV-000192,2025-04-17,971.24,EyeCare Smallville,Smallville
INV-000193,2025-05-01,898.9,Eye Care BigTown,BigTown
INV-000194,2025-07-15,807.22,Eye Care BigTown,Smallville
INV-000195,2025-08-28,3480.63,EyeCare Smallville,BigTown
INV-000196,2025-09-02,776.09,EyeCare Smallville,Smallville
INV-000197,2025-02-01,3120.27,Eye Care BigTown,BigTown
INV-000198,2025-08-04,3848.14,Eye Care BigTown,Smallville
INV-000199,2025-02-03,4918.8,Eye Care BigTown,BigTown
INV-000200,2025-08-13,1977.87,Eye Care BigTown,BigTown
INV-000201,2025-04-03,1581.05,EyeCare Smallville,BigTown
INV-000202,2025-04-26,816.65,Eye Care BigTown,Smallville
INV-000203,2025-05-04,4023.03,EyeCare Smallville,Smallville
INV-000204,2025-01-20,2885.46,EyeCare Smallville,Smallville
INV-000205,2025-05-09,1332.31,EyeCare Smallville,BigTown
INV-000206,2025-08-21,2401.6,Eye Care BigTown,BigTown
INV-000207,2025-02-03,4377.29,EyeCare Smallville,Smallville
INV-000208,2025-01-18,2263.27,EyeCare Smallville,Smallville
INV-000209,2025-01-18,3648.98,EyeCare Smallville,Smallville
INV-000210,2025-01-21,620.24,EyeCare Smallville,BigTown
INV-000211,2025-08-09,3120.8,EyeCare Smallville,BigTown
INV-000212,2025-08-12,2170.15,EyeCare Smallville,Smallville
INV-000213,2025-01-19,1623.62,Eye Care BigTown,Smallville
INV-000214,2025-05-13,4235.22,Eye Care BigTown,Smallville
INV-000215,2025-01-31,1240.34,Eye Care BigTown,Smallville
INV-000216,2025-06-14,2121.25,EyeCare Smallville,BigTown
INV-000217,2025-05-12,4670.15,Eye Care BigTown,Smallville
INV-000218,2025-05-09,2730.35,EyeCare Smallville,BigTown
INV-000219,2025-04-30,2131.98,Eye Care BigTown,BigTown
INV-000220,2025-03-05,4659.97,EyeCare Smallville,Smallville
INV-000221,2025-05-03,3492.37,Eye Care BigTown,BigTown
INV-000222,2025-04-10,3232.31,Eye Care BigTown,BigTown
INV-000223,2025-03-22,1553.27,EyeCare Smallville,Smallville
INV-000224,2025-08-09,4804.23,EyeCare Smallville,BigTown
INV-000225,2025-04-16,1955.2,Eye Care BigTown,Smallville
INV-000226,2025-02-01,3345.6,EyeCare Smallville,BigTown
INV-000227,2025-02-28,4159.77,EyeCare Smallville,Smallville
INV-000228,2025-03-15,3682.04,EyeCare Smallville,BigTown
INV-000229,2025-07-11,2515.76,EyeCare Smallville,BigTown
INV-000230,2025-08-12,1623.48,Eye Care BigTown,Smallville
INV-000231,2025-07-05,1101.77,EyeCare Smallville,Smallville
INV-000232,2025-01-23,4084.35,EyeCare Smallville,Smallville
INV-000233,2025-01-22,706.32,EyeCare Smallville,Smallville
INV-000234,2025-08-12,3922.15,Eye Care BigTown,Smallville
INV-000235,2025-08-04,2923.31,EyeCare Smallville,Smallville
INV-000236,2025-05-09,2955.18,Eye Care BigTown,BigTown
INV-000237,2025-03-17,4607.45,Eye Care BigTown,BigTown
INV-000238,2025-02-24,3160.34,Eye Care BigTown,BigTown
INV-000239,2025-07-05,525.53,Eye Care BigTown,BigTown
INV-000240,2025-06-21,3787.33,EyeCare Smallville,BigTown
INV-000241,2025-08-29,508.3,EyeCare Smallville,Smallville
INV-000242,2025-07-03,4329.74,Eye Care BigTown,Smallville
INV-000243,2025-06-03,1871.87,EyeCare Smallville,BigTown
INV-000244,2025-07-17,2543.07,Eye Care BigTown,BigTown
INV-000245,2025-08-28,4264.26,Eye Care BigTown,BigTown
INV-000246,2025-08-04,1710.09,EyeCare Smallville,BigTown
INV-000247,2025-09-01,3464.54,Eye Care BigTown,Smallville
INV-000248,2025-02-27,3495.14,EyeCare Smallville,Smallville
INV-000249,2025-01-12,2491.51,EyeCare Smallville,Smallville
INV-000250,2025-03-17,1785.05,Eye Care BigTown,BigTown
INV-000251,2025-05-18,1414.13,EyeCare Smallville,Smallville
INV-000252,2025-04-02,1568.18,EyeCare Smallville,Smallville
INV-000253,2025-07-31,2937.4,Eye Care BigTown,Smallville
INV-000254,2025-07-02,4982.77,EyeCare Smallville,Smallville
INV-000255,2025-07-11,1720.87,Eye Care BigTown,BigTown
INV-000256,2025-04-08,3696.43,EyeCare Smallville,BigTown
INV-000257,2025-05-24,2028.98,EyeCare Smallville,Smallville
INV-000258,2025-05-05,2964.47,Eye Care BigTown,BigTown
INV-000259,2025-05-02,4300.4,Eye Care BigTown,Smallville
INV-000260,2025-03-24,2234.45,Eye Care BigTown,Smallville
INV-000261,2025-09-02,934.96,EyeCare Smallville,BigTown
INV-000262,2025-06-20,1622.65,Eye Care BigTown,Smallville
INV-000263,2025-05-21,2494.2,EyeCare Smallville,BigTown
INV-000264,2025-03-25,678.25,Eye Care BigTown,Smallville
INV-000265,2025-03-10,3477.75,EyeCare Smallville,Smallville
INV-000266,2025-08-11,1525.64,Eye Care BigTown,BigTown
INV-000267,2025-04-12,1892.82,EyeCare Smallville,Smallville
INV-000268,2025-02-05,3037.09,EyeCare Smallville,BigTown
INV-000269,2025-06-02,4562.39,Eye Care BigTown,Smallville
INV-000270,2025-02-25,1296.74,Eye Care BigTown,Smallville
INV-000271,2025-01-29,3013.62,Eye Care BigTown,Smallville
INV-000272,2025-07-26,1715.78,EyeCare Smallville,Smallville
INV-000273,2025-06-29,3440.43,EyeCare Smallville,BigTown
INV-000274,2025-06-03,3112.1,Eye Care BigTown,Smallville
INV-000275,2025-02-28,2549.6,Eye Care BigTown,Smallville
INV-000276,2025-06-21,3069.74,Eye Care BigTown,BigTown
INV-000277,2025-07-16,728.73,Eye Care BigTown,BigTown
INV-000278,2025-04-27,3311.59,Eye Care BigTown,BigTown
INV-000279,2025-05-31,1577.8,Eye Care BigTown,BigTown
INV-000280,2025-06-04,2991.26,Eye Care BigTown,Smallville
INV-000281,2025-04-10,4457.79,Eye Care BigTown,Smallville
INV-000282,2025-07-04,3783.17,Eye Care BigTown,Smallville
INV-000283,2025-08-03,1123.52,EyeCare Smallville,BigTown
INV-000284,2025-04-26,2514.06,EyeCare Smallville,BigTown
INV-000285,2025-05-07,3964.09,EyeCare Smallville,BigTown
INV-000286,2025-04-17,603.36,EyeCare Smallville,Smallville
INV-000287,2025-04-10,3503.25,Eye Care BigTown,BigTown
INV-000288,2025-06-03,1902.73,EyeCare Smallville,BigTown
INV-000289,2025-03-02,2107.44,EyeCare Smallville,BigTown
INV-000290,2025-08-15,2918.02,EyeCare Smallville,Smallville
INV-000291,2025-03-21,4785.71,EyeCare Smallville,Smallville
INV-000292,2025-02-21,3912.82,EyeCare Smallville,BigTown
INV-000293,2025-02-12,732.33,Eye Care BigTown,Smallville
INV-000294,2025-03-26,507.37,Eye Care BigTown,BigTown
INV-000295,2025-03-15,2462.23,EyeCare Smallville,BigTown
INV-000296,2025-05-31,982.29,EyeCare Smallville,Smallville
INV-000297,2025-05-15,2895.52,Eye Care BigTown,BigTown
INV-000298,2025-04-02,2172.82,EyeCare Smallville,BigTown
INV-000299,2025-01-22,4788.15,Eye Care BigTown,Smallville
INV-000300,2025-04-12,2100.79,EyeCare Smallville,BigTown
INV-000301,2025-05-07,2767.71,Eye Care BigTown,BigTown
INV-000302,2025-07-29,3361.16,EyeCare Smallville,Smallville
INV-000303,2025-02-12,4599.87,EyeCare Smallville,Smallville
INV-000304,2025-06-01,2070.54,Eye Care BigTown,Smallville
INV-000305,2025-07-27,4482.6,EyeCare Smallville,BigTown
INV-000306,2025-01-18,3572.78,Eye Care BigTown,BigTown
INV-000307,2025-02-01,3546.23,Eye Care BigTown,Smallville
INV-000308,2025-05-01,2399.26,EyeCare Smallville,BigTown
INV-000309,2025-05-20,599.94,EyeCare Smallville,BigTown
INV-000310,2025-06-26,1378.91,Eye Care BigTown,BigTown
INV-000311,2025-06-10,2429.46,Eye Care BigTown,BigTown
INV-000312,2025-07-24,2838.6,Eye Care BigTown,Smallville
INV-000313,2025-02-11,2825.27,EyeCare Smallville,Smallville
INV-000314,2025-08-17,3916.46,EyeCare Smallville,Smallville
INV-000315,2025-05-31,4556.06,Eye Care BigTown,BigTown
INV-000316,2025-06-27,3227.12,Eye Care BigTown,BigTown
INV-000317,2025-05-30,1485.24,Eye Care BigTown,Smallville
INV-000318,2025-08-02,2466.83,EyeCare Smallville,Smallville
INV-000319,2025-05-19,2619.44,EyeCare Smallville,Smallville
INV-000320,2025-03-03,3573.7,EyeCare Smallville,BigTown
INV-000321,2025-04-08,774.3,EyeCare Smallville,Smallville
INV-000322,2025-05-19,3448.17,Eye Care BigTown,Smallville
INV-000323,2025-06-16,3804.38,Eye Care BigTown,BigTown
INV-000324,2025-01-15,4526.54,EyeCare Smallville,Smallville
INV-000325,2025-01-03,2325.98,Eye Care BigTown,Smallville
INV-000326,2025-05-06,630.04,EyeCare Smallville,BigTown
INV-000327,2025-01-07,717.49,Eye Care BigTown,BigTown
INV-000328,2025-08-28,4577.84,EyeCare Smallville,BigTown
INV-000329,2025-08-16,4879.1,EyeCare Smallville,BigTown
INV-000330,2025-01-01,3358.92,EyeCare Smallville,Smallville
INV-000331,2025-01-06,4407.39,Eye Care BigTown,BigTown
INV-000332,2025-06-09,1309.55,Eye Care BigTown,BigTown
INV-000333,2025-05-06,2882.46,Eye Care BigTown,Smallville
INV-000334,2025-06-29,3670.22,Eye Care BigTown,Smallville
INV-000335,2025-05-11,3432.08,EyeCare Smallville,BigTown
INV-000336,2025-01-13,953.33,EyeCare Smallville,BigTown
INV-000337,2025-06-15,2731.18,EyeCare Smallville,BigTown
INV-000338,2025-06-15,1289.49,Eye Care BigTown,BigTown
INV-000339,2025-02-26,1139.32,Eye Care BigTown,BigTown
INV-000340,2025-01-19,2339.63,EyeCare Smallville,Smallville
INV-000341,2025-06-07,4535.33,Eye Care BigTown,BigTown
INV-000342,2025-03-11,3145.93,EyeCare Smallville,Smallville
INV-000343,2025-03-07,712.4,Eye Care BigTown,Smallville
INV-000344,2025-05-24,1662.31,EyeCare Smallville,BigTown
INV-000345,2025-01-01,1370.49,EyeCare Smallville,BigTown
INV-000346,2025-07-15,1442.62,Eye Care BigTown,Smallville
INV-000347,2025-08-16,885.64,EyeCare Smallville,BigTown
INV-000348,2025-05-20,1936.21,Eye Care BigTown,Smallville
INV-000349,2025-07-17,3661.14,Eye Care BigTown,Smallville
INV-000350,2025-08-20,4632.85,EyeCare Smallville,BigTown
INV-000351,2025-03-25,3505.95,EyeCare Smallville,BigTown
INV-000352,2025-08-27,3655.01,EyeCare Smallville,Smallville
INV-000353,2025-01-18,1496.93,Eye Care BigTown,Smallville
INV-000354,2025-05-15,4896.45,Eye Care BigTown,Smallville
INV-000355,2025-06-20,2885.45,EyeCare Smallville,Smallville
INV-000356,2025-04-01,1159.3,EyeCare Smallville,Smallville
INV-000357,2025-01-18,894.8,EyeCare Smallville,BigTown
INV-000358,2025-07-10,1909.82,Eye Care BigTown,BigTown
INV-000359,2025-06-11,1602.94,EyeCare Smallville,Smallville
INV-000360,2025-07-05,3452.48,Eye Care BigTown,Smallville
INV-000361,2025-08-14,4916.27,Eye Care BigTown,Smallville
INV-000362,2025-07-18,1290.47,EyeCare Smallville,BigTown
INV-000363,2025-01-01,692.81,EyeCare Smallville,BigTown
INV-000364,2025-07-03,4427.1,Eye Care BigTown,BigTown
INV-000365,2025-03-11,1565.97,EyeCare Smallville,Smallville
INV-000366,2025-04-27,1673.26,Eye Care BigTown,Smallville
INV-000367,2025-06-12,4335.06,Eye Care BigTown,Smallville
INV-000368,2025-08-01,1678.61,EyeCare Smallville,Smallville
INV-000369,2025-02-10,4416.56,Eye Care BigTown,Smallville
INV-000370,2025-06-26,4692.63,EyeCare Smallville,BigTown
INV-000371,2025-07-07,4547.72,Eye Care BigTown,Smallville
INV-000372,2025-06-30,3584.0,EyeCare Smallville,BigTown
INV-000373,2025-01-25,1757.85,Eye Care BigTown,BigTown
INV-000374,2025-08-09,4760.12,EyeCare Smallville,Smallville
INV-000375,2025-05-17,3835.62,Eye Care BigTown,Smallville
INV-000376,2025-03-26,1059.15,Eye Care BigTown,Smallville
INV-000377,2025-08-27,4661.2,Eye Care BigTown,Smallville
INV-000378,2025-06-03,2269.86,EyeCare Smallville,BigTown
INV-000379,2025-05-28,1830.2,Eye Care BigTown,Smallville
INV-000380,2025-08-14,3330.92,EyeCare Smallville,BigTown
INV-000381,2025-06-20,1177.63,Eye Care BigTown,BigTown
INV-000382,2025-07-10,4017.2,Eye Care BigTown,BigTown
INV-000383,2025-08-31,4602.51,Eye Care BigTown,BigTown
INV-000384,2025-02-20,1827.18,EyeCare Smallville,BigTown
INV-000385,2025-05-25,4481.7,EyeCare Smallville,Smallville
INV-000386,2025-03-27,2364.1,Eye Care BigTown,Smallville
INV-000387,2025-03-16,4853.29,Eye Care BigTown,BigTown
INV-000388,2025-06-11,4490.83,Eye Care BigTown,Smallville
INV-000389,2025-06-27,2680.87,EyeCare Smallville,BigTown
INV-000390,2025-06-15,3327.11,EyeCare Smallville,BigTown
INV-000391,2025-01-02,4454.65,Eye Care BigTown,BigTown
INV-000392,2025-04-27,4388.54,Eye Care BigTown,BigTown
INV-000393,2025-05-26,4533.8,Eye Care BigTown,Smallville
INV-000394,2025-04-03,1213.15,EyeCare Smallville,BigTown
INV-000395,2025-06-05,3963.28,Eye Care BigTown,BigTown
INV-000396,2025-08-11,2880.98,Eye Care BigTown,Smallville
INV-000397,2025-07-04,3298.24,EyeCare Smallville,Smallville
INV-000398,2025-01-07,3695.14,Eye Care BigTown,BigTown
INV-000399,2025-08-23,1336.01,Eye Care BigTown,Smallville
INV-000400,2025-04-11,2692.58,Eye Care BigTown,Smallville
INV-000401,2025-02-20,3881.58,Eye Care BigTown,BigTown
INV-000402,2025-07-28,902.06,Eye Care BigTown,BigTown
INV-000403,2025-06-29,3995.53,EyeCare Smallville,BigTown
INV-000404,2025-08-29,4761.89,EyeCare Smallville,BigTown
INV-000405,2025-05-18,4910.94,Eye Care BigTown,Smallville
INV-000406,2025-04-12,3674.78,Eye Care BigTown,BigTown
INV-000407,2025-08-30,1059.63,Eye Care BigTown,Smallville
INV-000408,2025-03-25,2086.21,EyeCare Smallville,Smallville
INV-000409,2025-06-23,4392.05,Eye Care BigTown,Smallville
INV-000410,2025-02-17,2758.38,Eye Care BigTown,Smallville
INV-000411,2025-03-30,1830.26,EyeCare Smallville,BigTown
INV-000412,2025-03-07,3801.54,EyeCare Smallville,Smallville
INV-000413,2025-01-02,2278.65,EyeCare Smallville,Smallville
INV-000414,2025-05-18,2178.12,EyeCare Smallville,Smallville
INV-000415,2025-08-05,2331.31,Eye Care BigTown,Smallville
INV-000416,2025-06-26,4513.72,EyeCare Smallville,Smallville
INV-000417,2025-04-17,2832.29,EyeCare Smallville,BigTown
INV-000418,2025-06-10,4030.53,EyeCare Smallville,Smallville
INV-000419,2025-01-18,1213.4,EyeCare Smallville,Smallville
INV-000420,2025-07-12,657.07,Eye Care BigTown,BigTown
INV-000421,2025-07-16,1376.33,EyeCare Smallville,Smallville
INV-000422,2025-06-26,2132.91,Eye Care BigTown,BigTown
INV-000423,2025-02-27,1099.51,Eye Care BigTown,BigTown
INV-000424,2025-04-15,4702.58,EyeCare Smallville,Smallville
INV-000425,2025-05-19,2689.04,EyeCare Smallville,BigTown
INV-000426,2025-01-10,875.37,EyeCare Smallville,Smallville
INV-000427,2025-07-09,4816.52,EyeCare Smallville,Smallville
INV-000428,2025-08-05,1316.43,EyeCare Smallville,Smallville
INV-000429,2025-05-17,1027.21,Eye Care BigTown,BigTown
INV-000430,2025-04-11,625.84,Eye Care BigTown,BigTown
INV-000431,2025-02-05,3249.25,Eye Care BigTown,Smallville
INV-000432,2025-01-04,3558.91,EyeCare Smallville,BigTown
INV-000433,2025-01-11,2948.67,Eye Care BigTown,Smallville
INV-000434,2025-05-01,2872.76,Eye Care BigTown,Smallville
INV-000435,2025-03-03,1626.57,Eye Care BigTown,Smallville
INV-000436,2025-06-17,1323.19,EyeCare Smallville,BigTown
INV-000437,2025-04-29,702.15,EyeCare Smallville,Smallville
INV-000438,2025-02-21,4622.42,Eye Care BigTown,BigTown
INV-000439,2025-07-06,4455.9,Eye Care BigTown,Smallville
INV-000440,2025-01-31,3867.06,Eye Care BigTown,BigTown
INV-000441,2025-08-17,3211.3,EyeCare Smallville,BigTown
INV-000442,2025-08-17,2518.78,Eye Care BigTown,Smallville
INV-000443,2025-03-01,1738.65,Eye Care BigTown,BigTown
INV-000444,2025-05-29,3223.74,EyeCare Smallville,BigTown
INV-000445,2025-04-11,2931.98,EyeCare Smallville,BigTown
INV-000446,2025-08-11,1431.78,EyeCare Smallville,Smallville
INV-000447,2025-01-18,4549.14,EyeCare Smallville,BigTown
INV-000448,2025-03-16,1686.04,EyeCare Smallville,BigTown
INV-000449,2025-08-01,3456.78,Eye Care BigTown,BigTown
INV-000450,2025-02-23,1180.18,Eye Care BigTown,Smallville
INV-000451,2025-01-07,4070.3,Eye Care BigTown,Smallville
INV-000452,2025-02-04,3601.28,EyeCare Smallville,BigTown
INV-000453,2025-01-02,953.73,EyeCare Smallville,Smallville
INV-000454,2025-03-12,1693.14,Eye Care BigTown,Smallville
INV-000455,2025-07-12,3928.14,Eye Care BigTown,BigTown
INV-000456,2025-06-18,3322.87,EyeCare Smallville,BigTown
INV-000457,2025-05-29,2206.68,EyeCare Smallville,BigTown
INV-000458,2025-03-06,2831.24,EyeCare Smallville,Smallville
INV-000459,2025-05-07,2993.63,EyeCare Smallville,Smallville
INV-000460,2025-08-01,4907.31,Eye Care BigTown,Smallville
INV-000461,2025-07-15,1267.31,Eye Care BigTown,BigTown
INV-000462,2025-02-12,2072.9,Eye Care BigTown,BigTown
INV-000463,2025-01-29,4235.82,EyeCare Smallville,Smallville
INV-000464,2025-07-24,2791.44,Eye Care BigTown,Smallville
INV-000465,2025-07-21,1976.9,Eye Care BigTown,BigTown
INV-000466,2025-06-15,3388.2,EyeCare Smallville,Smallville
INV-000467,2025-05-10,4879.67,Eye Care BigTown,BigTown
INV-000468,2025-06-06,3778.01,Eye Care BigTown,BigTown
INV-000469,2025-08-23,4521.33,EyeCare Smallville,Smallville
INV-000470,2025-03-21,2586.55,EyeCare Smallville,Smallville
INV-000471,2025-05-31,1533.55,EyeCare Smallville,Smallville
INV-000472,2025-05-13,782.92,Eye Care BigTown,BigTown
INV-000473,2025-02-12,1387.42,Eye Care BigTown,Smallville
INV-000474,2025-08-08,1842.79,EyeCare Smallville,BigTown
INV-000475,2025-05-20,2703.25,Eye Care BigTown,BigTown
INV-000476,2025-06-09,3319.53,Eye Care BigTown,BigTown
INV-000477,2025-07-18,3188.45,Eye Care BigTown,Smallville
INV-000478,2025-08-02,1063.4,EyeCare Smallville,BigTown
INV-000479,2025-01-09,2810.8,EyeCare Smallville,BigTown
INV-000480,2025-07-27,4406.78,EyeCare Smallville,BigTown
INV-000481,2025-06-17,3817.84,EyeCare Smallville,Smallville
INV-000482,2025-01-04,1886.6,Eye Care BigTown,Smallville
INV-000483,2025-05-22,1507.11,EyeCare Smallville,BigTown
INV-000484,2025-05-10,4596.75,Eye Care BigTown,BigTown
INV-000485,2025-01-12,3126.69,Eye Care BigTown,Smallville
INV-000486,2025-08-03,1494.75,Eye Care BigTown,BigTown
INV-000487,2025-05-07,3865.29,Eye Care BigTown,Smallville
INV-000488,2025-08-26,1726.03,EyeCare Smallville,BigTown
INV-000489,2025-04-23,3100.48,Eye Care BigTown,Smallville
INV-000490,2025-06-27,1170.37,Eye Care BigTown,Smallville
INV-000491,2025-03-01,4017.08,Eye Care BigTown,BigTown
INV-000492,2025-04-25,2882.7,Eye Care BigTown,Smallville
INV-000493,2025-05-16,1019.05,Eye Care BigTown,Smallville
INV-000494,2025-02-14,532.01,EyeCare Smallville,Smallville
INV-000495,2025-01-14,4284.62,EyeCare Smallville,BigTown
INV-000496,2025-06-06,3211.6,Eye Care BigTown,Smallville
INV-000497,2025-08-15,1614.82,Eye Care BigTown,BigTown
INV-000498,2025-05-29,2667.45,Eye Care BigTown,BigTown
INV-000499,2025-07-04,628.22,EyeCare Smallville,BigTown
INV-000500,2025-06-02,1192.16,EyeCare Smallville,BigTown
INV-000501,2025-08-25,1907.11,EyeCare Smallville,BigTown
INV-000502,2025-06-14,2269.54,Eye Care BigTown,BigTown
INV-000503,2025-05-12,4379.09,EyeCare Smallville,BigTown
INV-000504,2025-03-21,2840.83,EyeCare Smallville,BigTown
INV-000505,2025-06-28,1594.04,EyeCare Smallville,BigTown
INV-000506,2025-08-01,1369.93,Eye Care BigTown,BigTown
INV-000507,2025-07-23,4984.2,Eye Care BigTown,Smallville
INV-000508,2025-01-26,4041.87,EyeCare Smallville,Smallville
INV-000509,2025-08-17,4808.17,Eye Care BigTown,BigTown
INV-000510,2025-05-23,3953.06,EyeCare Smallville,BigTown
INV-000511,2025-06-28,3189.47,EyeCare Smallville,BigTown
INV-000512,2025-03-19,3722.73,EyeCare Smallville,BigTown
INV-000513,2025-04-09,1250.19,EyeCare Smallville,BigTown
INV-000514,2025-02-03,572.04,Eye Care BigTown,BigTown
INV-000515,2025-07-27,4293.96,EyeCare Smallville,Smallville
INV-000516,2025-01-05,2988.7,EyeCare Smallville,Smallville
INV-000517,2025-04-26,3681.99,EyeCare Smallville,BigTown
INV-000518,2025-07-21,3284.68,EyeCare Smallville,BigTown
INV-000519,2025-05-23,2079.4,Eye Care BigTown,BigTown
INV-000520,2025-06-18,4900.24,EyeCare Smallville,Smallville
INV-000521,2025-09-01,4595.19,Eye Care BigTown,Smallville
INV-000522,2025-03-13,3380.96,Eye Care BigTown,Smallville
INV-000523,2025-05-15,1478.27,EyeCare Smallville,BigTown
INV-000524,2025-07-20,844.49,EyeCare Smallville,Smallville
INV-000525,2025-05-03,1585.77,EyeCare Smallville,BigTown
INV-000526,2025-01-28,889.85,Eye Care BigTown,Smallville
INV-000527,2025-06-25,1463.91,Eye Care BigTown,Smallville
INV-000528,2025-04-23,4135.6,Eye Care BigTown,Smallville
INV-000529,2025-02-11,2920.1,EyeCare Smallville,Smallville
INV-000530,2025-04-23,2774.62,Eye Care BigTown,Smallville
INV-000531,2025-05-18,2052.95,EyeCare Smallville,Smallville
INV-000532,2025-08-04,1514.82,EyeCare Smallville,BigTown
INV-000533,2025-02-10,1939.25,EyeCare Smallville,Smallville
INV-000534,2025-06-16,2275.6,EyeCare Smallville,Smallville
INV-000535,2025-03-17,1181.64,Eye Care BigTown,Smallville
INV-000536,2025-06-10,4547.0,Eye Care BigTown,BigTown
INV-000537,2025-02-07,3396.61,Eye Care BigTown,BigTown
INV-000538,2025-01-25,1660.22,EyeCare Smallville,Smallville
INV-000539,2025-05-07,1689.25,Eye Care BigTown,BigTown
INV-000540,2025-06-09,2524.9,EyeCare Smallville,Smallville
INV-000541,2025-03-15,1679.57,Eye Care BigTown,BigTown
INV-000542,2025-02-25,2361.66,EyeCare Smallville,Smallville
INV-000543,2025-04-25,4703.5,Eye Care BigTown,Smallville
INV-000544,2025-03-17,1846.52,Eye Care BigTown,Smallville
INV-000545,2025-03-21,4914.84,Eye Care BigTown,BigTown
INV-000546,2025-05-31,3022.46,Eye Care BigTown,BigTown
INV-000547,2025-09-01,2993.73,EyeCare Smallville,Smallville
INV-000548,2025-06-13,4049.52,EyeCare Smallville,BigTown
INV-000549,2025-08-04,2691.44,Eye Care BigTown,BigTown
INV-000550,2025-09-01,4825.61,EyeCare Smallville,Smallville
INV-000551,2025-09-01,3820.77,EyeCare Smallville,Smallville
INV-000552,2025-08-13,3304.86,Eye Care BigTown,Smallville
INV-000553,2025-08-28,4863.17,Eye Care BigTown,BigTown
INV-000554,2025-05-26,766.25,EyeCare Smallville,BigTown
INV-000555,2025-08-04,4744.59,Eye Care BigTown,Smallville
INV-000556,2025-06-28,1699.01,Eye Care BigTown,Smallville
INV-000557,2025-06-09,875.24,Eye Care BigTown,BigTown
INV-000558,2025-01-15,3566.61,Eye Care BigTown,BigTown
INV-000559,2025-07-11,3291.16,Eye Care BigTown,Smallville
INV-000560,2025-05-14,2217.11,EyeCare Smallville,BigTown
INV-000561,2025-05-14,2198.4,Eye Care BigTown,Smallville
INV-000562,2025-04-05,4176.78,EyeCare Smallville,BigTown
INV-000563,2025-06-11,999.23,EyeCare Smallville,BigTown
INV-000564,2025-08-28,646.01,Eye Care BigTown,Smallville
INV-000565,2025-03-02,3391.7,Eye Care BigTown,Smallville
INV-000566,2025-01-21,4386.23,EyeCare Smallville,BigTown
INV-000567,2025-06-22,3673.53,EyeCare Smallville,BigTown
INV-000568,2025-01-15,2898.61,EyeCare Smallville,Smallville
INV-000569,2025-06-24,2653.58,Eye Care BigTown,Smallville
INV-000570,2025-01-10,2291.49,Eye Care BigTown,BigTown
INV-000571,2025-06-28,2837.59,EyeCare Smallville,Smallville
INV-000572,2025-07-05,2499.76,Eye Care BigTown,Smallville
INV-000573,2025-02-04,3762.39,EyeCare Smallville,Smallville
INV-000574,2025-05-12,1809.1,EyeCare Smallville,BigTown
INV-000575,2025-06-02,3531.96,EyeCare Smallville,Smallville
INV-000576,2025-06-25,1284.21,Eye Care BigTown,BigTown
INV-000577,2025-03-19,4866.4,EyeCare Smallville,BigTown
INV-000578,2025-07-31,1532.59,EyeCare Smallville,BigTown
INV-000579,2025-07-11,3799.92,Eye Care BigTown,BigTown
INV-000580,2025-05-28,3508.98,EyeCare Smallville,BigTown
INV-000581,2025-08-31,1284.42,Eye Care BigTown,Smallville
INV-000582,2025-04-30,1802.46,EyeCare Smallville,BigTown
INV-000583,2025-05-27,1036.71,EyeCare Smallville,BigTown
INV-000584,2025-04-01,678.16,Eye Care BigTown,BigTown
INV-000585,2025-03-10,4267.02,Eye Care BigTown,BigTown
INV-000586,2025-05-27,2992.33,EyeCare Smallville,Smallville
INV-000587,2025-04-14,4566.94,Eye Care BigTown,BigTown
INV-000588,2025-04-16,4249.54,EyeCare Smallville,BigTown
INV-000589,2025-05-10,1963.3,Eye Care BigTown,BigTown
INV-000590,2025-08-30,3048.77,EyeCare Smallville,Smallville
INV-000591,2025-01-22,4792.19,EyeCare Smallville,Smallville
INV-000592,2025-02-24,4835.11,Eye Care BigTown,BigTown
INV-000593,2025-06-01,4905.81,EyeCare Smallville,BigTown
INV-000594,2025-08-06,1174.52,EyeCare Smallville,BigTown
INV-000595,2025-07-28,1927.43,EyeCare Smallville,Smallville
INV-000596,2025-04-21,4803.07,Eye Care BigTown,Smallville
INV-000597,2025-01-29,1272.03,Eye Care BigTown,Smallville
INV-000598,2025-03-22,4367.02,Eye Care BigTown,Smallville
INV-000599,2025-03-14,2554.25,Eye Care BigTown,Smallville
INV-000600,2025-03-01,1615.89,Eye Care BigTown,Smallville
INV-000601,2025-04-30,573.16,Eye Care BigTown,BigTown
INV-000602,2025-02-23,2809.75,Eye Care BigTown,BigTown
INV-000603,2025-01-24,3202.4,Eye Care BigTown,Smallville
INV-000604,2025-03-15,3152.06,Eye Care BigTown,BigTown
INV-000605,2025-03-22,3946.44,Eye Care BigTown,BigTown
INV-000606,2025-05-15,4785.01,Eye Care BigTown,Smallville
INV-000607,2025-06-24,4679.95,Eye Care BigTown,BigTown
INV-000608,2025-01-03,4300.21,EyeCare Smallville,BigTown
INV-000609,2025-07-21,4997.59,EyeCare Smallville,BigTown
INV-000610,2025-07-26,3577.65,EyeCare Smallville,Smallville
INV-000611,2025-08-27,4228.93,Eye Care BigTown,BigTown
INV-000612,2025-02-18,4003.8,EyeCare Smallville,Smallville
INV-000613,2025-02-15,732.3,EyeCare Smallville,Smallville
INV-000614,2025-01-17,1662.55,Eye Care BigTown,BigTown
INV-000615,2025-01-13,4732.26,Eye Care BigTown,Smallville
INV-000616,2025-03-07,3571.21,EyeCare Smallville,Smallville
INV-000617,2025-07-21,711.1,EyeCare Smallville,Smallville
INV-000618,2025-04-27,1961.71,Eye Care BigTown,BigTown
INV-000619,2025-04-20,2009.44,EyeCare Smallville,Smallville
INV-000620,2025-08-18,1226.66,Eye Care BigTown,BigTown
INV-000621,2025-02-02,4585.47,EyeCare Smallville,Smallville
INV-000622,2025-01-28,1840.57,Eye Care BigTown,BigTown
INV-000623,2025-07-20,627.72,Eye Care BigTown,Smallville
INV-000624,2025-01-27,2539.27,EyeCare Smallville,Smallville
INV-000625,2025-03-31,1136.7,EyeCare Smallville,BigTown
INV-000626,2025-08-07,2873.98,Eye Care BigTown,Smallville
INV-000627,2025-08-09,2412.28,EyeCare Smallville,BigTown
INV-000628,2025-03-28,2459.44,Eye Care BigTown,Smallville
INV-000629,2025-06-23,1004.73,Eye Care BigTown,BigTown
INV-000630,2025-01-09,1679.13,EyeCare Smallville,Smallville
INV-000631,2025-05-17,4385.23,EyeCare Smallville,Smallville
INV-000632,2025-08-15,4015.13,Eye Care BigTown,BigTown
INV-000633,2025-04-23,1113.33,Eye Care BigTown,BigTown
INV-000634,2025-06-12,2180.66,EyeCare Smallville,BigTown
INV-000635,2025-01-17,4510.46,EyeCare Smallville,Smallville
INV-000636,2025-01-29,1043.78,Eye Care BigTown,BigTown
INV-000637,2025-06-15,2237.03,EyeCare Smallville,Smallville
INV-000638,2025-02-20,1650.59,Eye Care BigTown,Smallville
INV-000639,2025-08-14,1204.6,EyeCare Smallville,BigTown
INV-000640,2025-07-29,1291.79,Eye Care BigTown,Smallville
INV-000641,2025-06-13,2831.06,Eye Care BigTown,Smallville
INV-000642,2025-04-07,1286.67,EyeCare Smallville,BigTown
INV-000643,2025-07-08,3867.26,EyeCare Smallville,Smallville
INV-000644,2025-03-09,4279.76,Eye Care BigTown,Smallville
INV-000645,2025-02-22,2375.81,Eye Care BigTown,Smallville
INV-000646,2025-06-20,2931.43,Eye Care BigTown,Smallville
INV-000647,2025-05-03,3240.67,Eye Care BigTown,BigTown
INV-000648,2025-02-04,3817.26,EyeCare Smallville,Smallville
INV-000649,2025-06-26,1928.75,Eye Care BigTown,Smallville
INV-000650,2025-07-23,3772.57,Eye Care BigTown,Smallville
INV-000651,2025-07-04,1921.06,EyeCare Smallville,Smallville
INV-000652,2025-06-29,1123.49,EyeCare Smallville,BigTown
INV-000653,2025-08-01,4810.29,Eye Care BigTown,Smallville
INV-000654,2025-04-12,1209.93,EyeCare Smallville,BigTown
INV-000655,2025-07-14,2782.36,Eye Care BigTown,BigTown
INV-000656,2025-04-10,1775.14,Eye Care BigTown,BigTown
INV-000657,2025-08-04,959.7,EyeCare Smallville,BigTown
INV-000658,2025-07-16,2224.15,EyeCare Smallville,Smallville
INV-000659,2025-04-04,1542.5,EyeCare Smallville,BigTown
INV-000660,2025-02-05,875.26,EyeCare Smallville,Smallville
INV-000661,2025-03-11,3198.06,EyeCare Smallville,Smallville
INV-000662,2025-05-29,917.49,Eye Care BigTown,BigTown
INV-000663,2025-02-08,1829.83,Eye Care BigTown,Smallville
INV-000664,2025-04-14,3298.5,EyeCare Smallville,BigTown
INV-000665,2025-07-25,3434.74,EyeCare Smallville,BigTown
INV-000666,2025-08-29,791.39,EyeCare Smallville,Smallville
INV-000667,2025-02-23,3505.71,Eye Care BigTown,Smallville
INV-000668,2025-08-21,2315.84,EyeCare Smallville,BigTown
INV-000669,2025-03-31,2225.38,EyeCare Smallville,BigTown
INV-000670,2025-06-19,2973.82,Eye Care BigTown,Smallville
INV-000671,2025-05-11,4427.47,Eye Care BigTown,BigTown
INV-000672,2025-08-13,2639.26,Eye Care BigTown,Smallville
INV-000673,2025-06-01,2548.97,Eye Care BigTown,BigTown
INV-000674,2025-04-19,2611.95,EyeCare Smallville,Smallville
INV-000675,2025-05-14,2921.15,Eye Care BigTown,Smallville
INV-000676,2025-05-13,4604.59,EyeCare Smallville,Smallville
INV-000677,2025-07-19,3651.03,EyeCare Smallville,BigTown
INV-000678,2025-08-31,2833.2,EyeCare Smallville,BigTown
INV-000679,2025-05-07,4285.82,EyeCare Smallville,BigTown
INV-000680,2025-08-06,4092.31,Eye Care BigTown,BigTown
INV-000681,2025-03-04,3482.87,Eye Care BigTown,BigTown
INV-000682,2025-03-22,2064.47,EyeCare Smallville,BigTown
INV-000683,2025-08-24,2287.0,Eye Care BigTown,Smallville
INV-000684,2025-07-13,1369.93,EyeCare Smallville,BigTown
INV-000685,2025-03-26,2470.18,Eye Care BigTown,BigTown
INV-000686,2025-05-18,4935.15,Eye Care BigTown,Smallville
INV-000687,2025-04-29,1184.83,Eye Care BigTown,Smallville
INV-000688,2025-02-19,4410.05,Eye Care BigTown,BigTown
INV-000689,2025-07-25,1604.04,EyeCare Smallville,Smallville
INV-000690,2025-06-03,1154.56,Eye Care BigTown,Smallville
INV-000691,2025-01-17,4249.92,Eye Care BigTown,BigTown
INV-000692,2025-05-24,1602.28,Eye Care BigTown,BigTown
INV-000693,2025-06-17,1091.87,Eye Care BigTown,Smallville
INV-000694,2025-08-08,4057.03,Eye Care BigTown,BigTown
INV-000695,2025-07-24,2189.28,EyeCare Smallville,BigTown
INV-000696,2025-05-19,4757.15,EyeCare Smallville,Smallville
INV-000697,2025-07-04,2049.72,Eye Care BigTown,BigTown
INV-000698,2025-03-27,4949.52,EyeCare Smallville,Smallville
INV-000699,2025-06-09,4135.38,Eye Care BigTown,Smallville
INV-000700,2025-03-25,4643.56,Eye Care BigTown,BigTown
INV-000701,2025-05-28,560.2,EyeCare Smallville,Smallville
INV-000702,2025-07-25,513.94,EyeCare Smallville,BigTown
INV-000703,2025-02-18,1909.37,EyeCare Smallville,BigTown
INV-000704,2025-05-25,2939.16,EyeCare Smallville,BigTown
INV-000705,2025-06-04,2847.82,EyeCare Smallville,BigTown
INV-000706,2025-02-11,2893.29,Eye Care BigTown,BigTown
INV-000707,2025-04-04,1320.29,Eye Care BigTown,Smallville
INV-000708,2025-02-21,1681.0,EyeCare Smallville,Smallville
INV-000709,2025-04-01,1205.1,Eye Care BigTown,Smallville
INV-000710,2025-07-05,2647.99,EyeCare Smallville,Smallville
INV-000711,2025-01-23,2150.12,Eye Care BigTown,Smallville
INV-000712,2025-07-21,4487.31,Eye Care BigTown,Smallville
INV-000713,2025-07-29,3922.52,EyeCare Smallville,BigTown
INV-000714,2025-04-23,2808.89,EyeCare Smallville,Smallville
INV-000715,2025-01-03,4981.33,Eye Care BigTown,BigTown
INV-000716,2025-07-17,1592.56,EyeCare Smallville,Smallville
INV-000717,2025-05-16,677.88,EyeCare Smallville,BigTown
INV-000718,2025-08-21,1723.5,Eye Care BigTown,BigTown
INV-000719,2025-07-19,4899.19,EyeCare Smallville,BigTown
INV-000720,2025-07-25,645.55,EyeCare Smallville,BigTown
INV-000721,2025-08-08,1271.42,EyeCare Smallville,BigTown
INV-000722,2025-04-04,3410.42,Eye Care BigTown,BigTown
INV-000723,2025-03-05,516.37,EyeCare Smallville,Smallville
INV-000724,2025-01-20,669.97,EyeCare Smallville,Smallville
INV-000725,2025-05-26,4015.08,Eye Care BigTown,BigTown
INV-000726,2025-07-27,1078.46,EyeCare Smallville,BigTown
INV-000727,2025-03-31,2436.9,Eye Care BigTown,BigTown
INV-000728,2025-07-22,3221.04,Eye Care BigTown,BigTown
INV-000729,2025-02-08,1077.95,EyeCare Smallville,Smallville
INV-000730,2025-08-06,2835.53,Eye Care BigTown,Smallville
INV-000731,2025-06-02,2455.25,Eye Care BigTown,Smallville
INV-000732,2025-07-21,4610.45,EyeCare Smallville,Smallville
INV-000733,2025-08-27,4442.2,Eye Care BigTown,BigTown
INV-000734,2025-01-31,982.05,Eye Care BigTown,BigTown
INV-000735,2025-01-21,1700.35,EyeCare Smallville,BigTown
INV-000736,2025-05-02,3957.08,Eye Care BigTown,Smallville
INV-000737,2025-07-24,4932.21,Eye Care BigTown,Smallville
INV-000738,2025-03-28,2107.69,EyeCare Smallville,Smallville
INV-000739,2025-07-04,1190.67,Eye Care BigTown,Smallville
INV-000740,2025-06-14,3884.41,EyeCare Smallville,BigTown
INV-000741,2025-01-17,4342.6,Eye Care BigTown,BigTown
INV-000742,2025-04-27,4752.3,EyeCare Smallville,Smallville
INV-000743,2025-03-07,4914.06,Eye Care BigTown,BigTown
INV-000744,2025-01-04,1066.94,EyeCare Smallville,BigTown
INV-000745,2025-05-18,4386.18,Eye Care BigTown,BigTown
INV-000746,2025-08-30,2932.6,Eye Care BigTown,BigTown
INV-000747,2025-06-16,4535.35,Eye Care BigTown,BigTown
INV-000748,2025-06-14,4257.84,Eye Care BigTown,BigTown
INV-000749,2025-04-26,1078.13,Eye Care BigTown,BigTown
INV-000750,2025-03-04,3953.34,EyeCare Smallville,BigTown
INV-000751,2025-03-03,1228.17,EyeCare Smallville,BigTown
INV-000752,2025-08-15,724.03,Eye Care BigTown,Smallville
INV-000753,2025-06-20,3342.23,EyeCare Smallville,BigTown
INV-000754,2025-01-15,4099.3,EyeCare Smallville,BigTown
INV-000755,2025-06-28,2142.51,Eye Care BigTown,Smallville
INV-000756,2025-03-02,528.46,Eye Care BigTown,Smallville
INV-000757,2025-07-06,2480.64,EyeCare Smallville,BigTown
INV-000758,2025-04-03,3554.21,Eye Care BigTown,BigTown
INV-000759,2025-07-08,4984.64,EyeCare Smallville,BigTown
INV-000760,2025-02-28,4432.97,Eye Care BigTown,Smallville
INV-000761,2025-08-23,678.62,Eye Care BigTown,BigTown
INV-000762,2025-05-26,4413.04,EyeCare Smallville,BigTown
INV-000763,2025-02-07,2427.86,EyeCare Smallville,BigTown
INV-000764,2025-04-17,774.9,EyeCare Smallville,Smallville
INV-000765,2025-05-09,4712.11,Eye Care BigTown,BigTown
INV-000766,2025-01-10,4755.41,Eye Care BigTown,Smallville
INV-000767,2025-06-27,3391.54,Eye Care BigTown,Smallville
INV-000768,2025-01-12,2214.7,Eye Care BigTown,Smallville
INV-000769,2025-06-04,510.15,EyeCare Smallville,BigTown
INV-000770,2025-02-16,1805.38,EyeCare Smallville,Smallville
INV-000771,2025-07-11,1379.84,EyeCare Smallville,BigTown
INV-000772,2025-08-21,2394.23,Eye Care BigTown,Smallville
INV-000773,2025-04-01,3056.65,Eye Care BigTown,BigTown
INV-000774,2025-04-30,4495.03,Eye Care BigTown,BigTown
INV-000775,2025-05-21,1313.74,Eye Care BigTown,BigTown
INV-000776,2025-08-18,4169.73,Eye Care BigTown,BigTown
INV-000777,2025-03-04,3390.17,Eye Care BigTown,Smallville
INV-000778,2025-04-25,1400.39,EyeCare Smallville,BigTown
INV-000779,2025-01-16,3233.57,EyeCare Smallville,Smallville
INV-000780,2025-03-31,3998.8,EyeCare Smallville,Smallville
INV-000781,2025-01-15,893.27,Eye Care BigTown,Smallville
INV-000782,2025-08-12,2537.89,Eye Care BigTown,BigTown
INV-000783,2025-07-12,3341.05,EyeCare Smallville,BigTown
INV-000784,2025-04-28,557.3,EyeCare Smallville,Smallville
INV-000785,2025-04-28,2810.22,EyeCare Smallville,BigTown
INV-000786,2025-03-10,689.92,EyeCare Smallville,Smallville
INV-000787,2025-04-05,2364.62,EyeCare Smallville,BigTown
INV-000788,2025-02-08,763.84,Eye Care BigTown,BigTown
INV-000789,2025-01-11,2725.54,EyeCare Smallville,BigTown
INV-000790,2025-08-19,3788.71,EyeCare Smallville,BigTown
INV-000791,2025-01-25,4439.13,EyeCare Smallville,Smallville
INV-000792,2025-09-01,4046.22,Eye Care BigTown,Smallville
INV-000793,2025-02-27,2695.31,EyeCare Smallville,Smallville
INV-000794,2025-06-02,3301.64,EyeCare Smallville,BigTown
INV-000795,2025-03-30,2060.31,EyeCare Smallville,BigTown
INV-000796,2025-03-01,3733.33,Eye Care BigTown,BigTown
INV-000797,2025-03-25,4732.3,EyeCare Smallville,BigTown
INV-000798,2025-06-04,1567.81,EyeCare Smallville,BigTown
INV-000799,2025-01-14,896.4,EyeCare Smallville,BigTown
INV-000800,2025-06-14,1523.51,EyeCare Smallville,BigTown
INV-000801,2025-06-25,1114.66,Eye Care BigTown,BigTown
INV-000802,2025-06-02,4642.03,Eye Care BigTown,BigTown
INV-000803,2025-06-10,4011.88,EyeCare Smallville,BigTown
INV-000804,2025-04-21,4536.09,Eye Care BigTown,BigTown
INV-000805,2025-02-20,634.86,Eye Care BigTown,BigTown
INV-000806,2025-06-04,1933.72,Eye Care BigTown,BigTown
INV-000807,2025-07-22,1397.67,Eye Care BigTown,BigTown
INV-000808,2025-05-06,1917.07,Eye Care BigTown,Smallville
INV-000809,2025-06-08,1197.92,EyeCare Smallville,Smallville
INV-000810,2025-01-17,2098.91,Eye Care BigTown,Smallville
INV-000811,2025-05-30,4291.64,EyeCare Smallville,BigTown
INV-000812,2025-03-05,2180.3,Eye Care BigTown,Smallville
INV-000813,2025-05-13,1135.91,Eye Care BigTown,BigTown
INV-000814,2025-06-06,956.95,Eye Care BigTown,BigTown
INV-000815,2025-03-31,3245.93,EyeCare Smallville,Smallville
INV-000816,2025-07-17,3140.5,EyeCare Smallville,Smallville
INV-000817,2025-01-06,1601.2,Eye Care BigTown,Smallville
INV-000818,2025-03-26,3597.65,Eye Care BigTown,BigTown
INV-000819,2025-02-18,1047.2,EyeCare Smallville,Smallville
INV-000820,2025-02-16,2956.95,EyeCare Smallville,BigTown
INV-000821,2025-04-15,4798.55,EyeCare Smallville,BigTown
INV-000822,2025-05-23,3610.2,Eye Care BigTown,BigTown
INV-000823,2025-03-14,1625.96,Eye Care BigTown,Smallville
INV-000824,2025-03-29,911.65,Eye Care BigTown,Smallville
INV-000825,2025-02-16,3272.24,EyeCare Smallville,BigTown
INV-000826,2025-08-17,4354.17,Eye Care BigTown,Smallville
INV-000827,2025-08-04,1713.67,EyeCare Smallville,BigTown
INV-000828,2025-04-02,4184.56,EyeCare Smallville,Smallville
INV-000829,2025-04-11,4661.98,Eye Care BigTown,Smallville
INV-000830,2025-02-25,3255.06,EyeCare Smallville,Smallville
INV-000831,2025-06-28,2559.21,Eye Care BigTown,BigTown
INV-000832,2025-01-31,4382.25,EyeCare Smallville,Smallville
INV-000833,2025-08-20,4401.25,Eye Care BigTown,BigTown
INV-000834,2025-03-11,2124.85,EyeCare Smallville,BigTown
INV-000835,2025-07-25,3272.78,Eye Care BigTown,Smallville
INV-000836,2025-08-28,1023.04,Eye Care BigTown,Smallville
INV-000837,2025-07-12,1663.0,EyeCare Smallville,Smallville
INV-000838,2025-05-28,2512.01,EyeCare Smallville,BigTown
INV-000839,2025-03-11,3510.51,Eye Care BigTown,BigTown
INV-000840,2025-05-01,3933.84,EyeCare Smallville,BigTown
INV-000841,2025-04-18,4147.82,EyeCare Smallville,BigTown
INV-000842,2025-04-23,1462.63,Eye Care BigTown,BigTown
INV-000843,2025-03-27,2301.19,Eye Care BigTown,BigTown
INV-000844,2025-02-08,1901.75,EyeCare Smallville,Smallville
INV-000845,2025-04-04,4576.6,EyeCare Smallville,Smallville
INV-000846,2025-08-24,4220.22,EyeCare Smallville,Smallville
INV-000847,2025-03-30,2144.49,Eye Care BigTown,BigTown
INV-000848,2025-06-12,2128.48,Eye Care BigTown,Smallville
INV-000849,2025-05-27,2043.11,Eye Care BigTown,Smallville
INV-000850,2025-03-05,1159.44,EyeCare Smallville,BigTown
INV-000851,2025-03-04,4212.49,Eye Care BigTown,BigTown
INV-000852,2025-04-17,2293.4,EyeCare Smallville,BigTown
INV-000853,2025-08-20,4020.68,Eye Care BigTown,BigTown
INV-000854,2025-05-02,3294.5,EyeCare Smallville,Smallville
INV-000855,2025-07-01,526.92,Eye Care BigTown,BigTown
INV-000856,2025-06-29,1835.82,Eye Care BigTown,Smallville
INV-000857,2025-01-21,2890.41,EyeCare Smallville,Smallville
INV-000858,2025-06-27,3082.9,Eye Care BigTown,Smallville
INV-000859,2025-07-12,2660.1,EyeCare Smallville,Smallville
INV-000860,2025-08-20,1433.63,EyeCare Smallville,Smallville
INV-000861,2025-03-22,4237.68,Eye Care BigTown,Smallville
INV-000862,2025-02-25,2979.82,Eye Care BigTown,BigTown
INV-000863,2025-06-28,3908.85,Eye Care BigTown,BigTown
INV-000864,2025-06-26,1263.46,Eye Care BigTown,Smallville
INV-000865,2025-03-27,2934.72,EyeCare Smallville,BigTown
INV-000866,2025-01-03,3310.15,EyeCare Smallville,BigTown
INV-000867,2025-04-16,585.77,Eye Care BigTown,Smallville
INV-000868,2025-05-16,3807.34,Eye Care BigTown,Smallville
INV-000869,2025-07-08,822.3,Eye Care BigTown,Smallville
INV-000870,2025-05-28,2561.37,EyeCare Smallville,Smallville
INV-000871,2025-01-21,1596.69,EyeCare Smallville,Smallville
INV-000872,2025-05-21,1986.75,Eye Care BigTown,BigTown
INV-000873,2025-02-28,2989.08,Eye Care BigTown,BigTown
INV-000874,2025-08-13,2561.82,Eye Care BigTown,Smallville
INV-000875,2025-02-19,1783.27,EyeCare Smallville,Smallville
INV-000876,2025-03-18,1260.08,Eye Care BigTown,Smallville
INV-000877,2025-05-28,2694.04,EyeCare Smallville,Smallville
INV-000878,2025-05-27,4049.6,EyeCare Smallville,Smallville
INV-000879,2025-02-21,4683.24,EyeCare Smallville,BigTown
INV-000880,2025-06-02,1732.55,Eye Care BigTown,BigTown
INV-000881,2025-07-12,517.03,Eye Care BigTown,Smallville
INV-000882,2025-07-03,1435.12,Eye Care BigTown,BigTown
INV-000883,2025-07-15,1573.96,Eye Care BigTown,BigTown
INV-000884,2025-02-06,1827.55,Eye Care BigTown,Smallville
INV-000885,2025-02-02,3403.31,Eye Care BigTown,BigTown
INV-000886,2025-05-16,726.23,Eye Care BigTown,BigTown
INV-000887,2025-08-27,3718.82,EyeCare Smallville,BigTown
INV-000888,2025-03-04,4733.86,EyeCare Smallville,BigTown
INV-000889,2025-06-23,3055.27,EyeCare Smallville,Smallville
INV-000890,2025-05-15,3940.17,EyeCare Smallville,Smallville
INV-000891,2025-01-10,4035.28,Eye Care BigTown,Smallville
INV-000892,2025-01-04,3875.93,Eye Care BigTown,BigTown
INV-000893,2025-01-01,2768.43,EyeCare Smallville,Smallville
INV-000894,2025-05-10,1638.54,Eye Care BigTown,Smallville
INV-000895,2025-01-08,1870.29,EyeCare Smallville,BigTown
INV-000896,2025-02-22,2634.59,EyeCare Smallville,BigTown
INV-000897,2025-03-17,1569.79,EyeCare Smallville,Smallville
INV-000898,2025-06-24,2324.23,EyeCare Smallville,Smallville
INV-000899,2025-03-26,2999.83,Eye Care BigTown,Smallville
INV-000900,2025-02-20,4751.62,Eye Care BigTown,BigTown
INV-000901,2025-08-28,4134.63,EyeCare Smallville,Smallville
INV-000902,2025-03-06,1668.74,Eye Care BigTown,Smallville
INV-000903,2025-03-26,2403.89,EyeCare Smallville,BigTown
INV-000904,2025-03-06,3997.6,EyeCare Smallville,BigTown
INV-000905,2025-06-05,3422.45,EyeCare Smallville,BigTown
INV-000906,2025-05-31,767.28,EyeCare Smallville,BigTown
INV-000907,2025-02-02,591.6,EyeCare Smallville,BigTown
INV-000908,2025-02-28,4028.63,EyeCare Smallville,Smallville
INV-000909,2025-06-12,3012.13,Eye Care BigTown,BigTown
INV-000910,2025-02-27,3443.6,Eye Care BigTown,BigTown
INV-000911,2025-07-26,2314.12,EyeCare Smallville,BigTown
INV-000912,2025-01-11,1294.11,EyeCare Smallville,BigTown
INV-000913,2025-05-10,1921.53,Eye Care BigTown,Smallville
INV-000914,2025-03-20,3880.48,EyeCare Smallville,BigTown
INV-000915,2025-03-23,2634.84,Eye Care BigTown,BigTown
INV-000916,2025-03-17,907.66,Eye Care BigTown,Smallville
INV-000917,2025-03-29,3458.36,Eye Care BigTown,Smallville
INV-000918,2025-01-03,3474.67,EyeCare Smallville,BigTown
INV-000919,2025-03-01,2182.04,EyeCare Smallville,BigTown
INV-000920,2025-01-17,3607.93,Eye Care BigTown,BigTown
INV-000921,2025-01-15,2081.73,EyeCare Smallville,BigTown
INV-000922,2025-02-05,1737.51,EyeCare Smallville,Smallville
INV-000923,2025-01-05,2284.73,EyeCare Smallville,BigTown
INV-000924,2025-08-17,1921.52,Eye Care BigTown,Smallville
INV-000925,2025-03-10,1862.19,EyeCare Smallville,BigTown
INV-000926,2025-01-26,2715.55,EyeCare Smallville,Smallville
INV-000927,2025-03-25,4628.64,Eye Care BigTown,Smallville
INV-000928,2025-04-17,3515.33,Eye Care BigTown,BigTown
INV-000929,2025-04-06,3209.49,Eye Care BigTown,Smallville
INV-000930,2025-01-06,1429.21,EyeCare Smallville,BigTown
INV-000931,2025-08-06,1920.37,EyeCare Smallville,Smallville
INV-000932,2025-01-05,915.0,Eye Care BigTown,Smallville
INV-000933,2025-01-29,4350.73,EyeCare Smallville,BigTown
INV-000934,2025-01-25,2615.22,EyeCare Smallville,Smallville
INV-000935,2025-03-16,3589.31,Eye Care BigTown,BigTown
INV-000936,2025-05-01,4939.61,Eye Care BigTown,Smallville
INV-000937,2025-01-30,1784.46,Eye Care BigTown,BigTown
INV-000938,2025-04-17,2872.75,Eye Care BigTown,Smallville
INV-000939,2025-06-22,3559.48,EyeCare Smallville,BigTown
INV-000940,2025-02-24,3367.5,Eye Care BigTown,Smallville
INV-000941,2025-07-24,2840.54,EyeCare Smallville,Smallville
INV-000942,2025-06-20,2688.76,EyeCare Smallville,BigTown
INV-000943,2025-04-10,2754.52,EyeCare Smallville,Smallville
INV-000944,2025-08-07,3531.41,Eye Care BigTown,Smallville
INV-000945,2025-05-12,3379.35,Eye Care BigTown,BigTown
INV-000946,2025-05-08,3139.25,Eye Care BigTown,BigTown
INV-000947,2025-02-12,3768.63,EyeCare Smallville,BigTown
INV-000948,2025-03-20,1918.08,Eye Care BigTown,Smallville
INV-000949,2025-03-07,1610.44,Eye Care BigTown,BigTown
INV-000950,2025-07-06,2290.92,Eye Care BigTown,Smallville
INV-000951,2025-01-12,1514.18,Eye Care BigTown,BigTown
INV-000952,2025-01-04,4033.09,Eye Care BigTown,BigTown
INV-000953,2025-03-06,3641.0,EyeCare Smallville,Smallville
INV-000954,2025-08-21,1832.74,Eye Care BigTown,BigTown
INV-000955,2025-07-14,2499.6,EyeCare Smallville,BigTown
INV-000956,2025-07-01,3148.67,EyeCare Smallville,BigTown
INV-000957,2025-05-04,2763.32,EyeCare Smallville,Smallville
INV-000958,2025-01-26,3354.15,EyeCare Smallville,BigTown
INV-000959,2025-01-24,4032.3,EyeCare Smallville,BigTown
INV-000960,2025-01-04,620.07,Eye Care BigTown,Smallville
INV-000961,2025-02-26,3677.47,EyeCare Smallville,BigTown
INV-000962,2025-08-26,1873.77,EyeCare Smallville,BigTown
INV-000963,2025-07-25,4507.73,EyeCare Smallville,BigTown
INV-000964,2025-07-22,3557.67,Eye Care BigTown,BigTown
INV-000965,2025-01-11,4384.51,Eye Care BigTown,BigTown
INV-000966,2025-07-28,2365.35,Eye Care BigTown,BigTown
INV-000967,2025-04-25,1364.13,Eye Care BigTown,BigTown
INV-000968,2025-01-18,4312.35,Eye Care BigTown,BigTown
INV-000969,2025-03-12,1164.87,EyeCare Smallville,Smallville
INV-000970,2025-06-17,708.1,Eye Care BigTown,Smallville
INV-000971,2025-04-19,3644.72,EyeCare Smallville,Smallville
INV-000972,2025-04-14,1714.1,Eye Care BigTown,Smallville
INV-000973,2025-05-14,1199.59,EyeCare Smallville,Smallville
INV-000974,2025-03-16,4460.47,EyeCare Smallville,BigTown
INV-000975,2025-03-25,4376.41,Eye Care BigTown,Smallville
INV-000976,2025-01-29,929.2,Eye Care BigTown,Smallville
INV-000977,2025-08-20,2249.35,Eye Care BigTown,Smallville
INV-000978,2025-05-21,4708.25,Eye Care BigTown,BigTown
INV-000979,2025-04-05,2963.57,Eye Care BigTown,BigTown
INV-000980,2025-03-28,4605.52,Eye Care BigTown,BigTown
INV-000981,2025-01-24,2573.49,Eye Care BigTown,Smallville
INV-000982,2025-06-02,4474.48,Eye Care BigTown,BigTown
INV-000983,2025-04-06,3935.12,Eye Care BigTown,BigTown
INV-000984,2025-03-15,1350.28,EyeCare Smallville,Smallville
INV-000985,2025-01-24,2114.83,EyeCare Smallville,Smallville
INV-000986,2025-04-18,3257.59,EyeCare Smallville,BigTown
INV-000987,2025-04-30,3317.8,EyeCare Smallville,Smallville
INV-000988,2025-06-25,3607.66,EyeCare Smallville,BigTown
INV-000989,2025-06-02,2824.72,EyeCare Smallville,BigTown
INV-000990,2025-06-23,1993.33,EyeCare Smallville,BigTown
INV-000991,2025-02-05,720.26,EyeCare Smallville,Smallville
INV-000992,2025-01-08,3673.13,EyeCare Smallville,BigTown
INV-000993,2025-05-03,1323.49,Eye Care BigTown,BigTown
INV-000994,2025-04-29,3359.42,EyeCare Smallville,BigTown
INV-000995,2025-03-20,4115.45,EyeCare Smallville,BigTown
INV-000996,2025-02-12,4790.37,Eye Care BigTown,BigTown
INV-000997,2025-07-04,4599.91,EyeCare Smallville,BigTown
INV-000998,2025-04-29,3820.67,EyeCare Smallville,Smallville
INV-000999,2025-03-07,1349.39,Eye Care BigTown,Smallville
INV-001000,2025-08-22,3917.58,Eye Care BigTown,BigTown
INV-001001,2025-08-16,1502.47,EyeCare Smallville,Smallville
INV-001002,2025-07-04,4073.7,Eye Care BigTown,BigTown
INV-001003,2025-07-30,3099.05,EyeCare Smallville,Smallville
INV-001004,2025-06-27,3187.89,Eye Care BigTown,Smallville
INV-001005,2025-06-21,2777.81,EyeCare Smallville,Smallville
INV-001006,2025-05-19,3699.85,Eye Care BigTown,BigTown
INV-001007,2025-01-13,3529.14,EyeCare Smallville,BigTown
INV-001008,2025-04-03,2770.84,EyeCare Smallville,Smallville
INV-001009,2025-07-25,2449.0,Eye Care BigTown,BigTown
INV-001010,2025-01-03,818.86,EyeCare Smallville,Smallville
INV-001011,2025-08-08,3266.46,EyeCare Smallville,Smallville
INV-001012,2025-04-21,707.39,EyeCare Smallville,BigTown
INV-001013,2025-02-21,2794.76,EyeCare Smallville,BigTown
INV-001014,2025-08-12,3113.91,EyeCare Smallville,BigTown
INV-001015,2025-03-01,4188.83,EyeCare Smallville,Smallville
INV-001016,2025-01-02,3347.65,Eye Care BigTown,Smallville
INV-001017,2025-01-07,583.47,Eye Care BigTown,Smallville
INV-001018,2025-02-05,1779.13,Eye Care BigTown,BigTown
INV-001019,2025-02-09,2354.23,EyeCare Smallville,BigTown
INV-001020,2025-06-23,2693.21,EyeCare Smallville,Smallville
INV-001021,2025-07-03,1120.25,Eye Care BigTown,Smallville
INV-001022,2025-08-18,1192.31,Eye Care BigTown,BigTown
INV-001023,2025-04-01,3256.55,EyeCare Smallville,BigTown
INV-001024,2025-05-28,3631.21,Eye Care BigTown,Smallville
INV-001025,2025-08-05,3369.95,Eye Care BigTown,BigTown
INV-001026,2025-03-01,2377.64,Eye Care BigTown,BigTown
INV-001027,2025-04-04,3603.75,EyeCare Smallville,BigTown
INV-001028,2025-07-27,2733.59,Eye Care BigTown,BigTown
INV-001029,2025-05-02,3710.29,EyeCare Smallville,BigTown
INV-001030,2025-01-04,2253.68,Eye Care BigTown,BigTown
INV-001031,2025-01-04,3387.2,Eye Care BigTown,Smallville
INV-001032,2025-03-13,2174.02,EyeCare Smallville,Smallville
INV-001033,2025-02-19,1185.24,EyeCare Smallville,BigTown
INV-001034,2025-01-28,3931.11,Eye Care BigTown,BigTown
INV-001035,2025-04-04,4800.06,Eye Care BigTown,Smallville
INV-001036,2025-08-01,4399.84,EyeCare Smallville,BigTown
INV-001037,2025-01-29,4493.25,Eye Care BigTown,BigTown
INV-001038,2025-05-26,1392.54,Eye Care BigTown,BigTown
INV-001039,2025-08-07,4680.28,EyeCare Smallville,Smallville
INV-001040,2025-03-26,2858.42,Eye Care BigTown,BigTown
INV-001041,2025-01-23,2287.41,EyeCare Smallville,Smallville
INV-001042,2025-05-12,4649.39,Eye Care BigTown,BigTown
INV-001043,2025-06-14,2432.48,Eye Care BigTown,BigTown
INV-001044,2025-04-30,4948.82,EyeCare Smallville,Smallville
INV-001045,2025-06-22,2920.11,EyeCare Smallville,BigTown
INV-001046,2025-07-27,3268.34,Eye Care BigTown,Smallville
INV-001047,2025-07-24,4774.68,Eye Care BigTown,Smallville
INV-001048,2025-09-02,4602.95,EyeCare Smallville,BigTown
INV-001049,2025-04-05,2218.59,EyeCare Smallville,Smallville
INV-001050,2025-02-14,2339.11,EyeCare Smallville,BigTown
INV-001051,2025-04-23,3617.77,EyeCare Smallville,BigTown
INV-001052,2025-07-30,1153.07,Eye Care BigTown,Smallville
INV-001053,2025-04-02,1814.15,EyeCare Smallville,BigTown
INV-001054,2025-08-18,4076.84,Eye Care BigTown,Smallville
INV-001055,2025-06-08,2306.54,EyeCare Smallville,BigTown
INV-001056,2025-04-29,2989.55,EyeCare Smallville,BigTown
INV-001057,2025-05-29,524.27,Eye Care BigTown,BigTown
INV-001058,2025-04-26,2017.07,Eye Care BigTown,BigTown
INV-001059,2025-06-14,4390.13,Eye Care BigTown,Smallville
INV-001060,2025-01-03,2643.85,EyeCare Smallville,Smallville
INV-001061,2025-07-27,1949.02,Eye Care BigTown,BigTown
INV-001062,2025-01-23,1092.38,EyeCare Smallville,BigTown
INV-001063,2025-07-17,677.25,EyeCare Smallville,BigTown
INV-001064,2025-01-10,828.45,Eye Care BigTown,BigTown
INV-001065,2025-03-16,1802.32,EyeCare Smallville,BigTown
INV-001066,2025-05-18,4934.46,EyeCare Smallville,BigTown
INV-001067,2025-08-20,1488.86,EyeCare Smallville,Smallville
INV-001068,2025-03-14,999.76,Eye Care BigTown,BigTown
INV-001069,2025-06-15,4571.41,EyeCare Smallville,BigTown
INV-001070,2025-07-03,2742.85,EyeCare Smallville,Smallville
INV-001071,2025-06-07,4942.69,EyeCare Smallville,BigTown
INV-001072,2025-04-30,3866.35,Eye Care BigTown,BigTown
INV-001073,2025-04-09,3589.8,EyeCare Smallville,BigTown
INV-001074,2025-03-22,2354.51,EyeCare Smallville,BigTown
INV-001075,2025-03-14,3180.3,Eye Care BigTown,BigTown
INV-001076,2025-03-24,4569.88,Eye Care BigTown,Smallville
INV-001077,2025-08-19,4262.06,EyeCare Smallville,Smallville
INV-001078,2025-04-09,4688.1,Eye Care BigTown,Smallville
INV-001079,2025-07-20,1587.97,Eye Care BigTown,BigTown
INV-001080,2025-04-03,2738.34,Eye Care BigTown,BigTown
INV-001081,2025-02-03,1277.18,EyeCare Smallville,BigTown
INV-001082,2025-05-29,3424.81,EyeCare Smallville,Smallville
INV-001083,2025-08-14,762.46,Eye Care BigTown,Smallville
INV-001084,2025-03-15,2103.41,Eye Care BigTown,BigTown
INV-001085,2025-04-17,4524.51,EyeCare Smallville,BigTown
INV-001086,2025-02-18,4735.8,Eye Care BigTown,Smallville
INV-001087,2025-03-28,2157.4,EyeCare Smallville,Smallville
INV-001088,2025-01-06,1288.02,EyeCare Smallville,BigTown
INV-001089,2025-02-20,2111.08,Eye Care BigTown,BigTown
INV-001090,2025-05-06,2924.26,EyeCare Smallville,Smallville
INV-001091,2025-04-06,2786.0,EyeCare Smallville,Smallville
INV-001092,2025-07-19,2530.85,Eye Care BigTown,Smallville
INV-001093,2025-02-15,2782.11,Eye Care BigTown,Smallville
INV-001094,2025-01-01,999.71,Eye Care BigTown,Smallville
INV-001095,2025-02-27,3595.75,EyeCare Smallville,BigTown
INV-001096,2025-08-31,564.46,Eye Care BigTown,BigTown
INV-001097,2025-05-16,1859.42,Eye Care BigTown,Smallville
INV-001098,2025-04-01,537.4,Eye Care BigTown,BigTown
INV-001099,2025-05-07,3502.72,Eye Care BigTown,BigTown
INV-001100,2025-04-08,2245.36,Eye Care BigTown,BigTown
INV-001101,2025-01-19,744.32,EyeCare Smallville,Smallville
INV-001102,2025-01-30,1040.58,Eye Care BigTown,BigTown
INV-001103,2025-04-20,4129.16,Eye Care BigTown,BigTown
INV-001104,2025-02-28,2501.44,Eye Care BigTown,BigTown
INV-001105,2025-08-23,2520.44,EyeCare Smallville,Smallville
INV-001106,2025-02-12,3408.53,Eye Care BigTown,BigTown
INV-001107,2025-07-18,3603.48,EyeCare Smallville,Smallville
INV-001108,2025-06-28,1507.44,Eye Care BigTown,Smallville
INV-001109,2025-01-16,3839.36,EyeCare Smallville,Smallville
INV-001110,2025-01-09,4657.24,Eye Care BigTown,Smallville
INV-001111,2025-02-26,3310.99,EyeCare Smallville,BigTown
INV-001112,2025-06-11,3664.38,EyeCare Smallville,BigTown
INV-001113,2025-03-03,1328.56,Eye Care BigTown,Smallville
INV-001114,2025-05-23,4192.82,EyeCare Smallville,BigTown
INV-001115,2025-04-04,986.62,Eye Care BigTown,BigTown
INV-001116,2025-06-01,4326.22,Eye Care BigTown,Smallville
INV-001117,2025-02-15,589.33,EyeCare Smallville,BigTown
INV-001118,2025-08-08,3170.41,EyeCare Smallville,Smallville
INV-001119,2025-04-14,1837.29,EyeCare Smallville,Smallville
INV-001120,2025-03-12,4376.87,EyeCare Smallville,Smallville
INV-001121,2025-07-20,914.96,EyeCare Smallville,Smallville
INV-001122,2025-03-07,4460.21,EyeCare Smallville,BigTown
INV-001123,2025-02-05,3420.61,Eye Care BigTown,Smallville
INV-001124,2025-03-15,2620.18,EyeCare Smallville,Smallville
INV-001125,2025-02-11,2389.92,EyeCare Smallville,BigTown
INV-001126,2025-03-25,3381.39,EyeCare Smallville,BigTown
INV-001127,2025-01-25,912.66,EyeCare Smallville,BigTown
INV-001128,2025-03-04,2457.38,Eye Care BigTown,Smallville
INV-001129,2025-01-08,1996.64,Eye Care BigTown,BigTown
INV-001130,2025-06-22,4946.23,EyeCare Smallville,Smallville
INV-001131,2025-03-17,1808.14,Eye Care BigTown,Smallville
INV-001132,2025-03-10,2819.51,Eye Care BigTown,Smallville
INV-001133,2025-06-19,3629.38,EyeCare Smallville,BigTown
INV-001134,2025-03-05,2320.67,Eye Care BigTown,BigTown
INV-001135,2025-01-03,2065.35,Eye Care BigTown,BigTown
INV-001136,2025-03-04,1295.03,Eye Care BigTown,BigTown
INV-001137,2025-03-29,4305.77,EyeCare Smallville,BigTown
INV-001138,2025-07-23,3962.3,Eye Care BigTown,Smallville
INV-001139,2025-04-11,2839.4,Eye Care BigTown,BigTown
INV-001140,2025-01-10,2845.52,EyeCare Smallville,BigTown
INV-001141,2025-08-13,1478.29,EyeCare Smallville,Smallville
INV-001142,2025-05-28,4203.44,EyeCare Smallville,BigTown
INV-001143,2025-07-04,3543.17,EyeCare Smallville,BigTown
INV-001144,2025-07-31,4948.56,EyeCare Smallville,BigTown
INV-001145,2025-03-29,4023.24,Eye Care BigTown,BigTown
INV-001146,2025-07-13,4958.8,Eye Care BigTown,BigTown
INV-001147,2025-08-25,3823.59,Eye Care BigTown,BigTown
INV-001148,2025-03-20,3277.53,EyeCare Smallville,BigTown
INV-001149,2025-01-14,3366.01,EyeCare Smallville,Smallville
INV-001150,2025-07-06,659.09,Eye Care BigTown,BigTown
INV-001151,2025-06-22,2185.36,EyeCare Smallville,BigTown
INV-001152,2025-09-02,4965.97,Eye Care BigTown,Smallville
INV-001153,2025-08-25,1781.96,EyeCare Smallville,BigTown
INV-001154,2025-02-14,2003.8,Eye Care BigTown,Smallville
INV-001155,2025-06-23,4169.52,EyeCare Smallville,BigTown
INV-001156,2025-08-14,2688.88,EyeCare Smallville,Smallville
INV-001157,2025-03-22,3154.31,EyeCare Smallville,Smallville
INV-001158,2025-04-04,4577.17,EyeCare Smallville,Smallville
INV-001159,2025-01-10,3987.92,Eye Care BigTown,Smallville
INV-001160,2025-02-04,4720.81,EyeCare Smallville,BigTown
INV-001161,2025-02-21,3702.19,Eye Care BigTown,Smallville
INV-001162,2025-07-29,4191.92,Eye Care BigTown,BigTown
INV-001163,2025-01-05,2562.27,Eye Care BigTown,Smallville
INV-001164,2025-03-19,3848.16,Eye Care BigTown,Smallville
INV-001165,2025-01-05,3252.35,EyeCare Smallville,BigTown
INV-001166,2025-07-16,2041.28,EyeCare Smallville,Smallville
INV-001167,2025-07-16,4457.43,Eye Care BigTown,Smallville
INV-001168,2025-04-10,2427.41,Eye Care BigTown,BigTown
INV-001169,2025-07-12,3918.29,EyeCare Smallville,Smallville
INV-001170,2025-03-22,4191.49,Eye Care BigTown,BigTown
INV-001171,2025-03-07,4780.71,EyeCare Smallville,Smallville
INV-001172,2025-06-27,980.05,Eye Care BigTown,BigTown
INV-001173,2025-02-22,3008.0,Eye Care BigTown,BigTown
INV-001174,2025-07-24,4443.63,EyeCare Smallville,Smallville
INV-001175,2025-07-25,963.62,EyeCare Smallville,Smallville
INV-001176,2025-07-23,3564.89,EyeCare Smallville,Smallville
INV-001177,2025-08-25,4050.4,Eye Care BigTown,BigTown
INV-001178,2025-06-06,3475.44,EyeCare Smallville,BigTown
INV-001179,2025-02-02,2419.4,EyeCare Smallville,BigTown
INV-001180,2025-06-07,2614.67,EyeCare Smallville,Smallville
INV-001181,2025-04-11,4139.01,EyeCare Smallville,BigTown
INV-001182,2025-04-13,3481.31,Eye Care BigTown,Smallville
INV-001183,2025-03-12,2810.79,Eye Care BigTown,BigTown
INV-001184,2025-07-17,2709.31,EyeCare Smallville,Smallville
INV-001185,2025-02-02,4015.01,Eye Care BigTown,BigTown
INV-001186,2025-02-09,1620.08,Eye Care BigTown,Smallville
INV-001187,2025-07-27,3700.45,EyeCare Smallville,BigTown
INV-001188,2025-01-25,4818.83,EyeCare Smallville,BigTown
INV-001189,2025-01-28,3490.98,Eye Care BigTown,BigTown
INV-001190,2025-07-03,740.85,Eye Care BigTown,BigTown
INV-001191,2025-07-20,1811.17,EyeCare Smallville,BigTown
INV-001192,2025-04-25,1718.56,Eye Care BigTown,Smallville
INV-001193,2025-01-04,2614.43,EyeCare Smallville,Smallville
INV-001194,2025-03-17,4192.28,EyeCare Smallville,BigTown
INV-001195,2025-02-17,1549.44,EyeCare Smallville,BigTown
INV-001196,2025-04-28,1503.59,EyeCare Smallville,Smallville
INV-001197,2025-01-20,1641.28,EyeCare Smallville,BigTown
INV-001198,2025-07-09,1694.58,EyeCare Smallville,BigTown
INV-001199,2025-02-08,1979.16,EyeCare Smallville,BigTown
INV-001200,2025-08-01,4650.99,EyeCare Smallville,Smallville
